date, value
2005-02-02,3951.72
2005-02-03,3928.9399
2005-02-04,3958.01
2005-02-07,3981.8999
2005-02-08,3980.77
2005-02-09,3969.6201
2005-02-10,3970.3701
2005-02-11,4016.75
2005-02-14,4012.1101
2005-02-15,4030.45
2005-02-16,4009.02
2005-02-17,4005.5
2005-02-18,4029.02
2005-02-21,4022.6201
2005-02-22,4002.3301
2005-02-23,3977.1899
2005-02-24,3977.6699
2005-02-25,4034.5701
2005-02-28,4027.1599
2005-03-01,4054.98
2005-03-02,4062.72
2005-03-03,4061.3501
2005-03-04,4091.5801
2005-03-07,4108
2005-03-08,4085.3799
2005-03-09,4066.6899
2005-03-10,4038.21
2005-03-11,4049.1799
2005-03-14,4048.55
2005-03-15,4077.74
2005-03-16,4019.3999
2005-03-17,4032.0701
2005-03-18,4050.77
2005-03-21,4033
2005-03-22,4047.1799
2005-03-23,4032.4099
2005-03-24,4078.3101
2005-03-29,4081.6499
2005-03-30,4064.6101
2005-03-31,4067.78
2005-04-01,4080.0801
2005-04-04,4052.3201
2005-04-05,4087.9399
2005-04-06,4106.9902
2005-04-07,4124.3701
2005-04-08,4124.29
2005-04-11,4117.6201
2005-04-12,4096.8101
2005-04-13,4116.8501
2005-04-14,4111.1099
2005-04-15,4032.28
2005-04-18,3949.5901
2005-04-19,3962.3899
2005-04-20,3950.02
2005-04-21,3951.02
2005-04-22,3980.1799
2005-04-25,3993.0701
2005-04-26,3993.04
2005-04-27,3927.6799
2005-04-28,3911.45
2005-04-29,3911.71
2005-05-02,3938.77
2005-05-03,3955.9299
2005-05-04,3987.6299
2005-05-05,4019.3501
2005-05-06,4033.46
2005-05-09,4020.1899
2005-05-10,4000.25
2005-05-11,3979.53
2005-05-12,4015.6499
2005-05-13,4017.8899
2005-05-16,4010.98
2005-05-17,4006.1899
2005-05-18,4073.1499
2005-05-19,4085.98
2005-05-20,4096.1802
2005-05-23,4118.3701
2005-05-24,4102.0601
2005-05-25,4100.27
2005-05-26,4137.2798
2005-05-27,4131.8301
2005-05-30,4134.8701
2005-05-31,4120.73
2005-06-01,4178.25
2005-06-02,4183.7202
2005-06-03,4162.4702
2005-06-06,4146.4702
2005-06-07,4180.7402
2005-06-08,4171.3501
2005-06-09,4153.71
2005-06-10,4184.1001
2005-06-13,4203.4902
2005-06-14,4197.7402
2005-06-15,4184.3599
2005-06-16,4185.1499
2005-06-17,4220.9102
2005-06-20,4193.3999
2005-06-21,4222.02
2005-06-22,4229.5498
2005-06-23,4240.1802
2005-06-24,4199.8701
2005-06-27,4157.6802
2005-06-28,4194.3301
2005-06-29,4231.8799
2005-06-30,4229.3501
2005-07-01,4269.6201
2005-07-04,4264.6001
2005-07-05,4252.75
2005-07-06,4279.9502
2005-07-07,4220.6201
2005-07-08,4300.3101
2005-07-11,4321.5601
2005-07-12,4313.7798
2005-07-13,4343.6201
2005-07-14,4370.8799
2005-07-15,4373.77
2005-07-18,4363.4702
2005-07-19,4424.25
2005-07-20,4418.3901
2005-07-21,4425.6602
2005-07-22,4415.52
2005-07-25,4422.1201
2005-07-26,4420.7798
2005-07-27,4433.1299
2005-07-28,4462.2598
2005-07-29,4451.7402
2005-08-01,4456.8701
2005-08-02,4503.3301
2005-08-03,4495.48
2005-08-04,4458.9702
2005-08-05,4421.7002
2005-08-08,4441.0098
2005-08-09,4491.6899
2005-08-10,4527.1099
2005-08-11,4509.1001
2005-08-12,4476.48
2005-08-15,4466.5801
2005-08-16,4444.5698
2005-08-17,4439.6299
2005-08-18,4430.0698
2005-08-19,4487.8999
2005-08-22,4485.9399
2005-08-23,4436.5601
2005-08-24,4424.4302
2005-08-25,4378.5098
2005-08-26,4342.7002
2005-08-29,4361.27
2005-08-30,4356.6602
2005-08-31,4399.3599
2005-09-01,4424.1499
2005-09-02,4404.9502
2005-09-05,4430.0898
2005-09-06,4472.5498
2005-09-07,4486.1899
2005-09-08,4465.9399
2005-09-09,4491.6802
2005-09-12,4491.8198
2005-09-13,4453.4102
2005-09-14,4470.4302
2005-09-15,4479.3901
2005-09-16,4509.4902
2005-09-19,4505.6802
2005-09-20,4531.7998
2005-09-21,4468.0601
2005-09-22,4448.1499
2005-09-23,4477.2002
2005-09-26,4566.9199
2005-09-27,4546.7998
2005-09-28,4599.6299
2005-09-29,4578.8599
2005-09-30,4600.02
2005-10-03,4622.54
2005-10-04,4650.2402
2005-10-05,4594.1099
2005-10-06,4536.8999
2005-10-07,4528.79
2005-10-10,4536.2202
2005-10-11,4549.6802
2005-10-12,4515.0498
2005-10-13,4470.1299
2005-10-14,4482.1299
2005-10-17,4489.21
2005-10-18,4461.1401
2005-10-19,4375.0898
2005-10-20,4390.6602
2005-10-21,4366.52
2005-10-24,4421.9702
2005-10-25,4396.9902
2005-10-26,4412.7002
2005-10-27,4336.4102
2005-10-28,4326.71
2005-10-31,4436.4502
2005-11-01,4434.75
2005-11-02,4429.6499
2005-11-03,4502.02
2005-11-04,4498.7002
2005-11-07,4503.6499
2005-11-08,4503.6201
2005-11-09,4480.23
2005-11-10,4479.5
2005-11-11,4536.4902
2005-11-14,4548.4502
2005-11-15,4543.1499
2005-11-16,4512.1299
2005-11-17,4523.1802
2005-11-18,4556.23
2005-11-21,4586.3799
2005-11-22,4580.8101
2005-11-23,4608.6499
2005-11-24,4586.8398
2005-11-25,4600.48
2005-11-28,4575.3101
2005-11-29,4588.73
2005-11-30,4567.4102
2005-12-01,4636.46
2005-12-02,4662.5
2005-12-05,4650.54
2005-12-06,4677.2002
2005-12-07,4660.5801
2005-12-08,4669.9302
2005-12-09,4661.0098
2005-12-12,4673.1299
2005-12-13,4693.3999
2005-12-14,4674.8501
2005-12-15,4673.1401
2005-12-16,4704.4102
2005-12-19,4694.8599
2005-12-20,4703.48
2005-12-21,4752.4102
2005-12-22,4751.96
2005-12-23,4757.7402
2005-12-27,4769.3799
2005-12-28,4756.9302
2005-12-29,4772.9302
2005-12-30,4715.23
2006-01-02,4754.9199
2006-01-03,4776.98
2006-01-04,4838.52
2006-01-05,4835.0898
2006-01-06,4867.1499
2006-01-09,4875.0898
2006-01-10,4861.9302
2006-01-11,4890.4902
2006-01-12,4890.2402
2006-01-13,4850.5298
2006-01-16,4856.0898
2006-01-17,4807.1401
2006-01-18,4772.0898
2006-01-19,4814.0898
2006-01-20,4773.48
2006-01-23,4751.9902
2006-01-24,4748.3198
2006-01-25,4791
2006-01-26,4876.52
2006-01-27,4956.6001
2006-01-30,4936.79
2006-01-31,4947.9902
2006-02-01,4999.3901
2006-02-02,4927.8901
2006-02-03,4937.5601
2006-02-06,4934.5898
2006-02-07,4935.3999
2006-02-08,4895.0801
2006-02-09,4955.7402
2006-02-10,4910.8198
2006-02-13,4957.3599
2006-02-14,4961.3398
2006-02-15,4934.0898
2006-02-16,4973.0898
2006-02-17,5000
2006-02-20,4979.9399
2006-02-21,4991.9302
2006-02-22,5041.6001
2006-02-23,5040.3901
2006-02-24,5073.9502
2006-02-27,5080.52
2006-02-28,5000.4502
2006-03-01,5057.6099
2006-03-02,5009.0898
2006-03-03,4989.1499
2006-03-06,5010.7202
2006-03-07,4992.21
2006-03-08,4969.5098
2006-03-09,5007.8398
2006-03-10,5069.27
2006-03-13,5107.4702
2006-03-14,5117.1602
2006-03-15,5127.9302
2006-03-16,5126.0098
2006-03-17,5141.0801
2006-03-20,5138.5098
2006-03-21,5148.5601
2006-03-22,5194.7798
2006-03-23,5194.7798
2006-03-24,5218.71
2006-03-27,5162.4399
2006-03-28,5149.9902
2006-03-29,5180.25
2006-03-30,5240.1001
2006-03-31,5220.8501
2006-04-03,5255.2598
2006-04-04,5205.8101
2006-04-05,5221.0298
2006-04-06,5222.3599
2006-04-07,5174.96
2006-04-10,5190.27
2006-04-11,5112.6001
2006-04-12,5085.1099
2006-04-13,5102.6201
2006-04-18,5095.9702
2006-04-19,5158.1401
2006-04-20,5206.79
2006-04-21,5252.3799
2006-04-24,5221.4399
2006-04-25,5235.3398
2006-04-26,5252.3198
2006-04-27,5213.5498
2006-04-28,5188.3999
2006-05-02,5241.1899
2006-05-03,5193.9399
2006-05-04,5233.7002
2006-05-05,5286.3999
2006-05-08,5282.3999
2006-05-09,5312.1802
2006-05-10,5278.27
2006-05-11,5262.9399
2006-05-12,5150.4502
2006-05-15,5064.8501
2006-05-16,5081.6899
2006-05-17,4920.3101
2006-05-18,4908.6899
2006-05-19,4944.5698
2006-05-22,4813.5
2006-05-23,4931.5298
2006-05-24,4870.02
2006-05-25,4949.5298
2006-05-26,5045.0898
2006-05-29,5015.3198
2006-05-30,4893.8701
2006-05-31,4930.1802
2006-06-01,4947.29
2006-06-02,4959.7002
2006-06-05,4916.04
2006-06-06,4797.9199
2006-06-07,4824.77
2006-06-08,4684.3398
2006-06-09,4768.1802
2006-06-12,4723.1802
2006-06-13,4617.5898
2006-06-14,4615.4399
2006-06-15,4724.5801
2006-06-16,4694.8901
2006-06-19,4729.02
2006-06-20,4770.4199
2006-06-21,4774.73
2006-06-22,4803.29
2006-06-23,4817.6299
2006-06-26,4801.4902
2006-06-27,4771.2402
2006-06-28,4774
2006-06-29,4880.3799
2006-06-30,4965.96
2006-07-03,4980.6201
2006-07-04,4983.8799
2006-07-05,4921.2998
2006-07-06,4966.4502
2006-07-07,4953.71
2006-07-10,4982.48
2006-07-11,4914.3901
2006-07-12,4941.73
2006-07-13,4852.52
2006-07-14,4780.79
2006-07-17,4750.0801
2006-07-18,4734.54
2006-07-19,4846.54
2006-07-20,4865.04
2006-07-21,4818.5498
2006-07-24,4914.9302
2006-07-25,4933.1201
2006-07-26,4943
2006-07-27,5001.21
2006-07-28,5028.5098
2006-07-31,5009.4199
2006-08-01,4948.23
2006-08-02,5026.25
2006-08-03,4983.6802
2006-08-04,5040.9502
2006-08-07,4956.3398
2006-08-08,4967.9502
2006-08-09,5025.1499
2006-08-10,4976.6401
2006-08-11,4985.52
2006-08-14,5046.9302
2006-08-15,5115.02
2006-08-16,5137.3101
2006-08-17,5144.8398
2006-08-18,5135.6899
2006-08-21,5104.6499
2006-08-22,5128.3301
2006-08-23,5082.73
2006-08-24,5112.8501
2006-08-25,5111.1299
2006-08-28,5148.52
2006-08-29,5160.3198
2006-08-30,5182.79
2006-08-31,5165.04
2006-09-01,5183.4502
2006-09-04,5203.2402
2006-09-05,5172.8501
2006-09-06,5115.52
2006-09-07,5060.0898
2006-09-08,5073.5698
2006-09-11,5058.3101
2006-09-12,5125.9702
2006-09-13,5137.9302
2006-09-14,5123.8501
2006-09-15,5144.8799
2006-09-18,5146.96
2006-09-19,5115.9902
2006-09-20,5192.7402
2006-09-21,5208.3198
2006-09-22,5141.9502
2006-09-25,5146.4902
2006-09-26,5219.5898
2006-09-27,5243.1001
2006-09-28,5250.0098
2006-09-29,5250.0098
2006-10-02,5243.1299
2006-10-03,5219.79
2006-10-04,5256.5498
2006-10-05,5288.5298
2006-10-06,5282.0601
2006-10-09,5284.7402
2006-10-10,5309.79
2006-10-11,5313.1899
2006-10-12,5361.5098
2006-10-13,5353.23
2006-10-16,5361.9702
2006-10-17,5302.9902
2006-10-18,5361.29
2006-10-19,5359.7402
2006-10-20,5375.3501
2006-10-23,5411.8101
2006-10-24,5404.54
2006-10-25,5422.2798
2006-10-26,5433.79
2006-10-27,5396.0298
2006-10-30,5362.23
2006-10-31,5348.73
2006-11-01,5370.8599
2006-11-02,5310.0698
2006-11-03,5336.2998
2006-11-06,5402.3599
2006-11-07,5437.7798
2006-11-08,5437.1602
2006-11-09,5448.6001
2006-11-10,5447.5
2006-11-13,5490.5601
2006-11-14,5476.2798
2006-11-15,5511.5298
2006-11-16,5505.7202
2006-11-17,5439.71
2006-11-20,5454.7402
2006-11-21,5459.3501
2006-11-22,5452.4902
2006-11-23,5424.8599
2006-11-24,5389.46
2006-11-27,5308.6499
2006-11-28,5306.2402
2006-11-29,5381.25
2006-11-30,5327.6401
2006-12-01,5254.0498
2006-12-04,5296.0801
2006-12-05,5359.6899
2006-12-06,5350.6201
2006-12-07,5379.21
2006-12-08,5384.1602
2006-12-11,5427.5601
2006-12-12,5426.8198
2006-12-13,5475.8501
2006-12-14,5509.5801
2006-12-15,5541.6201
2006-12-18,5530.3198
2006-12-19,5484.7598
2006-12-20,5514.4199
2006-12-21,5510.3901
2006-12-22,5453.9399
2006-12-27,5540.0098
2006-12-28,5533.3599
2006-12-29,5541.7598
2007-01-02,5617.71
2007-01-03,5610.9199
2007-01-04,5574.5601
2007-01-05,5517.3501
2007-01-08,5518.5898
2007-01-09,5533.0298
2007-01-10,5501.9502
2007-01-11,5609.7998
2007-01-12,5617.6201
2007-01-15,5631.0801
2007-01-16,5591.54
2007-01-17,5561.7798
2007-01-18,5555.04
2007-01-19,5614.7002
2007-01-22,5579.7798
2007-01-23,5575.0698
2007-01-24,5638.0801
2007-01-25,5609.2002
2007-01-26,5582.2998
2007-01-29,5619.7002
2007-01-30,5645.5898
2007-01-31,5608.3101
2007-02-01,5662.25
2007-02-02,5677.2998
2007-02-05,5681.1099
2007-02-06,5676.7798
2007-02-07,5703
2007-02-08,5665.1001
2007-02-09,5692.4502
2007-02-12,5643.9502
2007-02-13,5682.6899
2007-02-14,5725.8398
2007-02-15,5720.8799
2007-02-16,5713.5898
2007-02-19,5739.8999
2007-02-20,5713.4502
2007-02-21,5694.5601
2007-02-22,5707.8599
2007-02-23,5716.3799
2007-02-26,5762.54
2007-02-27,5588.3901
2007-02-28,5516.3198
2007-03-01,5458.3999
2007-03-02,5424.7002
2007-03-05,5385.0298
2007-03-06,5437.1299
2007-03-07,5455.0698
2007-03-08,5524.2598
2007-03-09,5537.8398
2007-03-12,5496.0698
2007-03-13,5432.9399
2007-03-14,5296.2202
2007-03-15,5389.8501
2007-03-16,5382.1602
2007-03-19,5458.9502
2007-03-20,5503.27
2007-03-21,5502.1802
2007-03-22,5598.3701
2007-03-23,5634.75
2007-03-26,5576.2998
2007-03-27,5587.0601
2007-03-28,5552.6899
2007-03-29,5631.5298
2007-03-30,5634.1602
2007-04-02,5645.5601
2007-04-03,5711.9102
2007-04-04,5739.0098
2007-04-05,5741.3799
2007-04-10,5766.27
2007-04-11,5751.9199
2007-04-12,5748.9399
2007-04-13,5789.3398
2007-04-16,5861.9702
2007-04-17,5858.1401
2007-04-18,5835.9502
2007-04-19,5829.04
2007-04-20,5938.8999
2007-04-23,5917.3198
2007-04-24,5886.0298
2007-04-25,5947.3301
2007-04-26,5944.4399
2007-04-27,5930.77
2007-04-30,5960.04
2007-05-02,5990.1299
2007-05-03,6004.2798
2007-05-04,6068.8301
2007-05-07,6071.48
2007-05-08,6034.25
2007-05-09,6051.6299
2007-05-10,6012.7598
2007-05-11,6050.6299
2007-05-14,6026.4199
2007-05-15,6049.7598
2007-05-16,6017.9102
2007-05-17,6027
2007-05-18,6101.1401
2007-05-21,6089.9102
2007-05-22,6089.7202
2007-05-23,6120.2002
2007-05-24,6048.3101
2007-05-25,6057.4902
2007-05-28,6071.4702
2007-05-29,6056.3901
2007-05-30,6042.1499
2007-05-31,6104
2007-06-01,6168.1499
2007-06-04,6125.8101
2007-06-05,6078.54
2007-06-06,5977.8701
2007-06-07,5890.4902
2007-06-08,5883.29
2007-06-11,5940.0898
2007-06-12,5898.1602
2007-06-13,5934.27
2007-06-14,6047.23
2007-06-15,6105.2798
2007-06-18,6087.1499
2007-06-19,6071.6699
2007-06-20,6093.29
2007-06-21,6029.79
2007-06-22,6023.25
2007-06-25,6002.8501
2007-06-26,5953.3599
2007-06-27,5941.6699
2007-06-28,6006.3101
2007-06-29,6054.9302
2007-07-02,6026.9502
2007-07-03,6069.8398
2007-07-04,6098.0801
2007-07-05,6059.5298
2007-07-06,6102.6899
2007-07-09,6104.6602
2007-07-10,6019.2202
2007-07-11,6001.0898
2007-07-12,6103.0498
2007-07-13,6117.96
2007-07-16,6125.6001
2007-07-17,6099.21
2007-07-18,5995.9702
2007-07-19,6065.5
2007-07-20,5957.1602
2007-07-23,6009.1602
2007-07-24,5907.4702
2007-07-25,5837.1099
2007-07-26,5675.0498
2007-07-27,5643.96
2007-07-30,5646.3599
2007-07-31,5751.0801
2007-08-01,5654.2998
2007-08-02,5682.0698
2007-08-03,5597.8901
2007-08-06,5532.9902
2007-08-07,5620.3999
2007-08-08,5749.29
2007-08-09,5624.7798
2007-08-10,5448.6299
2007-08-13,5569.2798
2007-08-14,5478.6602
2007-08-15,5442.7202
2007-08-16,5265.4702
2007-08-17,5363.6299
2007-08-20,5399.3799
2007-08-21,5418.7798
2007-08-22,5518.1699
2007-08-23,5523.3301
2007-08-24,5569.3799
2007-08-27,5590.54
2007-08-28,5474.1699
2007-08-29,5520.02
2007-08-30,5592.5298
2007-08-31,5662.7002
2007-09-03,5651.27
2007-09-04,5672.7202
2007-09-05,5551.5498
2007-09-06,5576.6201
2007-09-07,5430.1001
2007-09-10,5386.4302
2007-09-11,5478.9399
2007-09-12,5508.0098
2007-09-13,5565.9702
2007-09-14,5538.9199
2007-09-17,5439.3701
2007-09-18,5549.3501
2007-09-19,5730.8198
2007-09-20,5688.7598
2007-09-21,5700.6499
2007-09-24,5692.4902
2007-09-25,5641.5898
2007-09-26,5690.77
2007-09-27,5733.3701
2007-09-28,5715.6899
2007-10-01,5773.2598
2007-10-02,5799.27
2007-10-03,5806.1802
2007-10-04,5804.3901
2007-10-05,5843.2402
2007-10-08,5829.3999
2007-10-09,5861.9302
2007-10-10,5838.4902
2007-10-11,5862.8301
2007-10-12,5843.9502
2007-10-15,5807.4399
2007-10-16,5774.3599
2007-10-17,5818.7998
2007-10-18,5767.2402
2007-10-19,5740.48
2007-10-22,5661.27
2007-10-23,5705.0498
2007-10-24,5674.6699
2007-10-25,5760.2998
2007-10-26,5794.8701
2007-10-29,5836.1899
2007-10-30,5803.9302
2007-10-31,5847.9502
2007-11-01,5730.9199
2007-11-02,5720.4199
2007-11-05,5684.6201
2007-11-06,5709.4199
2007-11-07,5683.2202
2007-11-08,5631.6299
2007-11-09,5524.1802
2007-11-12,5535.5601
2007-11-13,5538.9102
2007-11-14,5613.6001
2007-11-15,5561.1299
2007-11-16,5523.6299
2007-11-19,5432.5698
2007-11-20,5506.6802
2007-11-21,5381.2998
2007-11-22,5416.1001
2007-11-23,5521.1699
2007-11-26,5458.3901
2007-11-27,5434.1699
2007-11-28,5561.21
2007-11-29,5598.1099
2007-11-30,5670.5698
2007-12-03,5629.46
2007-12-04,5547.21
2007-12-05,5659.0698
2007-12-06,5673.7598
2007-12-07,5718.75
2007-12-10,5750.9199
2007-12-11,5724.7598
2007-12-12,5743.3198
2007-12-13,5590.9102
2007-12-14,5605.3599
2007-12-17,5514.8799
2007-12-18,5509.3701
2007-12-19,5497.4199
2007-12-20,5511.4502
2007-12-21,5602.77
2007-12-24,5614.2798
2007-12-27,5627.48
2007-12-28,5627.25
2007-12-31,5614.0801
2008-01-02,5550.3599
2008-01-03,5546.0801
2008-01-04,5446.79
2008-01-07,5452.8301
2008-01-08,5495.6699
2008-01-09,5435.4199
2008-01-10,5400.4302
2008-01-11,5371.4102
2008-01-14,5403.5098
2008-01-15,5250.8198
2008-01-16,5225.3901
2008-01-17,5157.0898
2008-01-18,5092.3999
2008-01-21,4744.4502
2008-01-22,4842.54
2008-01-23,4636.7598
2008-01-24,4915.29
2008-01-25,4878.1201
2008-01-28,4848.2998
2008-01-29,4941.4502
2008-01-30,4873.5698
2008-01-31,4869.79
2008-02-01,4978.0601
2008-02-04,4973.6401
2008-02-05,4776.8599
2008-02-06,4816.4302
2008-02-07,4723.7998
2008-02-08,4709.6499
2008-02-11,4682.7002
2008-02-12,4840.71
2008-02-13,4855.3999
2008-02-14,4858.6499
2008-02-15,4771.79
2008-02-18,4861.7998
2008-02-19,4885.8301
2008-02-20,4812.8101
2008-02-21,4858.8501
2008-02-22,4824.5498
2008-02-25,4919.2598
2008-02-26,4973.0698
2008-02-27,4968.8198
2008-02-28,4865.23
2008-02-29,4790.6602
2008-03-03,4742.6602
2008-03-04,4675.9102
2008-03-05,4756.4199
2008-03-06,4678.0498
2008-03-07,4618.96
2008-03-10,4566.9902
2008-03-11,4627.6899
2008-03-12,4697.1001
2008-03-13,4630.1899
2008-03-14,4592.1499
2008-03-17,4431.04
2008-03-18,4582.5898
2008-03-19,4555.9502
2008-03-20,4533.7202
2008-03-25,4692
2008-03-26,4676.6802
2008-03-27,4719.5298
2008-03-28,4695.9199
2008-03-31,4707.0698
2008-04-01,4866
2008-04-02,4911.9702
2008-04-03,4887.8701
2008-04-04,4900.8799
2008-04-07,4944.6001
2008-04-08,4912.6899
2008-04-09,4874.9702
2008-04-10,4859.4199
2008-04-11,4797.9302
2008-04-14,4766.4902
2008-04-15,4780.6802
2008-04-16,4855.1001
2008-04-17,4862.1401
2008-04-18,4961.6899
2008-04-21,4910.3501
2008-04-22,4872.6401
2008-04-23,4944.6499
2008-04-24,4929.5498
2008-04-25,4978.21
2008-04-28,5012.75
2008-04-29,4977.1001
2008-04-30,4996.54
2008-05-02,5069.71
2008-05-05,5063.3599
2008-05-06,5040.9199
2008-05-07,5075.3101
2008-05-08,5055.5801
2008-05-09,4960.5601
2008-05-12,4976.21
2008-05-13,4998.6699
2008-05-14,5055.2402
2008-05-15,5057.5098
2008-05-16,5078.04
2008-05-19,5142.1001
2008-05-20,5054.8799
2008-05-21,5027.5498
2008-05-22,5028.7402
2008-05-23,4933.77
2008-05-26,4937.8398
2008-05-27,4906.5601
2008-05-28,4971.1099
2008-05-29,4975.8999
2008-05-30,5014.2798
2008-06-02,4935.21
2008-06-03,4983.71
2008-06-04,4915.0698
2008-06-05,4907.0601
2008-06-06,4795.3198
2008-06-09,4799.3799
2008-06-10,4761.0801
2008-06-11,4660.9102
2008-06-12,4672.2998
2008-06-13,4682.2998
2008-06-16,4657.7402
2008-06-17,4686.3301
2008-06-18,4618.75
2008-06-19,4591.3901
2008-06-20,4509.27
2008-06-23,4511.3701
2008-06-24,4473.7598
2008-06-25,4536.29
2008-06-26,4426.1899
2008-06-27,4397.3198
2008-06-30,4434.8501
2008-07-01,4341.21
2008-07-02,4296.48
2008-07-03,4343.9902
2008-07-04,4266
2008-07-07,4342.5898
2008-07-08,4275.6099
2008-07-09,4339.6602
2008-07-10,4231.5601
2008-07-11,4100.6401
2008-07-14,4142.5298
2008-07-15,4061.1499
2008-07-16,4112.4502
2008-07-17,4225.9902
2008-07-18,4299.3599
2008-07-21,4327.1401
2008-07-22,4327.2598
2008-07-23,4408.7402
2008-07-24,4347.9902
2008-07-25,4377.1802
2008-07-28,4324.4502
2008-07-29,4320.4902
2008-07-30,4400.5498
2008-07-31,4392.3599
2008-08-01,4314.3398
2008-08-04,4280.6299
2008-08-05,4386.3501
2008-08-06,4448.3301
2008-08-07,4457.4302
2008-08-08,4491.8501
2008-08-11,4538.4902
2008-08-12,4518.48
2008-08-13,4402.9702
2008-08-14,4420.9102
2008-08-15,4453.6201
2008-08-18,4448.8398
2008-08-19,4332.79
2008-08-20,4365.8701
2008-08-21,4304.6099
2008-08-22,4400.4502
2008-08-25,4355.8701
2008-08-26,4368.5498
2008-08-27,4373.0801
2008-08-28,4461.4902
2008-08-29,4482.6001
2008-09-01,4472.1299
2008-09-02,4539.0698
2008-09-03,4447.1299
2008-09-04,4304.0098
2008-09-05,4196.6602
2008-09-08,4340.1802
2008-09-09,4293.3398
2008-09-10,4283.6602
2008-09-11,4249.0698
2008-09-12,4332.6602
2008-09-15,4168.9702
2008-09-16,4087.3999
2008-09-17,4000.1101
2008-09-18,3957.8601
2008-09-19,4324.8701
2008-09-22,4223.5098
2008-09-23,4139.8198
2008-09-24,4114.54
2008-09-25,4226.8101
2008-09-26,4163.3799
2008-09-29,3953.48
2008-09-30,4032.1001
2008-10-01,4054.54
2008-10-02,3963.28
2008-10-03,4080.75
2008-10-06,3711.98
2008-10-07,3732.22
2008-10-08,3496.8899
2008-10-09,3442.7
2008-10-10,3176.49
2008-10-13,3531.5
2008-10-14,3628.52
2008-10-15,3381.0701
2008-10-16,3181
2008-10-17,3329.9199
2008-10-20,3448.51
2008-10-21,3475.3999
2008-10-22,3298.1799
2008-10-23,3310.8701
2008-10-24,3193.79
2008-10-27,3067.3501
2008-10-28,3114.9199
2008-10-29,3402.5701
2008-10-30,3407.8201
2008-10-31,3487.0701
2008-11-03,3527.97
2008-11-04,3691.0901
2008-11-05,3618.1101
2008-11-06,3387.25
2008-11-07,3469.1201
2008-11-10,3505.75
2008-11-11,3336.4099
2008-11-12,3233.96
2008-11-13,3269.46
2008-11-14,3291.47
2008-11-17,3182.03
2008-11-18,3217.3999
2008-11-19,3087.8899
2008-11-20,2980.4199
2008-11-21,2881.26
2008-11-24,3172.1101
2008-11-25,3209.5601
2008-11-26,3169.8501
2008-11-27,3250.3899
2008-11-28,3262.6799
2008-12-01,3080.4299
2008-12-02,3152.8999
2008-12-03,3166.6499
2008-12-04,3161.1599
2008-12-05,2988.01
2008-12-08,3247.48
2008-12-09,3297.8
2008-12-10,3320.3101
2008-12-11,3306.1299
2008-12-12,3213.6001
2008-12-15,3185.6599
2008-12-16,3251.6599
2008-12-17,3241.9199
2008-12-18,3234.1499
2008-12-19,3225.8999
2008-12-22,3151.3601
2008-12-23,3128.4099
2008-12-24,3116.21
2008-12-29,3130.72
2008-12-30,3217.1299
2008-12-31,3217.97
2009-01-02,3349.6899
2009-01-05,3359.9199
2009-01-06,3396.22
2009-01-07,3346.0901
2009-01-08,3324.3301
2009-01-09,3299.5
2009-01-12,3246.1201
2009-01-13,3197.8899
2009-01-14,3052
2009-01-15,2995.8799
2009-01-16,3016.75
2009-01-19,2989.6899
2009-01-20,2925.28
2009-01-21,2905.5701
2009-01-22,2869.6201
2009-01-23,2849.1399
2009-01-26,2955.3701
2009-01-27,2954.53
2009-01-28,3076.01
2009-01-29,3009.75
2009-01-30,2973.9199
2009-02-02,2930.05
2009-02-03,2982.3899
2009-02-04,3068.99
2009-02-05,3066.29
2009-02-06,3122.79
2009-02-09,3134.8701
2009-02-10,3020.75
2009-02-11,3027.72
2009-02-12,2964.3401
2009-02-13,2997.8601
2009-02-16,2962.22
2009-02-17,2875.23
2009-02-18,2874.0701
2009-02-19,2872.6001
2009-02-20,2750.55
2009-02-23,2727.8701
2009-02-24,2708.05
2009-02-25,2696.9199
2009-02-26,2744.8401
2009-02-27,2702.48
2009-03-02,2581.46
2009-03-03,2554.55
2009-03-04,2675.6799
2009-03-05,2569.6299
2009-03-06,2534.45
2009-03-09,2519.29
2009-03-10,2663.6799
2009-03-11,2674.2
2009-03-12,2694.25
2009-03-13,2705.6299
2009-03-16,2791.6599
2009-03-17,2767.28
2009-03-18,2760.3401
2009-03-19,2776.99
2009-03-20,2791.1399
2009-03-23,2869.5701
2009-03-24,2874.3899
2009-03-25,2893.45
2009-03-26,2892.0701
2009-03-27,2840.6201
2009-03-30,2719.3401
2009-03-31,2807.3401
2009-04-01,2839.6101
2009-04-02,2992.0601
2009-04-03,2958.74
2009-04-06,2929.75
2009-04-07,2902.3101
2009-04-08,2921.0601
2009-04-09,2974.1799
2009-04-14,3000.22
2009-04-15,2985.74
2009-04-16,3038.1799
2009-04-17,3091.96
2009-04-20,2969.3999
2009-04-21,2973.9399
2009-04-22,3025.24
2009-04-23,3008.6201
2009-04-24,3102.8501
2009-04-27,3102.4299
2009-04-28,3051.02
2009-04-29,3116.9399
2009-04-30,3159.8501
2009-05-04,3237.97
2009-05-05,3225
2009-05-06,3283.51
2009-05-07,3251.52
2009-05-08,3312.5901
2009-05-11,3248.6699
2009-05-12,3231.1001
2009-05-13,3152.8999
2009-05-14,3156.29
2009-05-15,3169.05
2009-05-18,3245.3899
2009-05-19,3274.96
2009-05-20,3303.3701
2009-05-21,3217.4099
2009-05-22,3227.97
2009-05-25,3236.1599
2009-05-26,3270.0901
2009-05-27,3294.8601
2009-05-28,3263.7
2009-05-29,3277.6499
2009-06-01,3379.49
2009-06-02,3378.04
2009-06-03,3309.6499
2009-06-04,3312.03
2009-06-05,3339.05
2009-06-08,3289.6599
2009-06-09,3296.73
2009-06-10,3315.27
2009-06-11,3334.9399
2009-06-12,3326.1399
2009-06-15,3219.5801
2009-06-16,3213.95
2009-06-17,3161.1399
2009-06-18,3194.0601
2009-06-19,3221.27
2009-06-22,3123.25
2009-06-23,3116.8201
2009-06-24,3184.76
2009-06-25,3163.1001
2009-06-26,3129.73
2009-06-29,3193.6799
2009-06-30,3140.4399
2009-07-01,3217
2009-07-02,3116.4099
2009-07-03,3119.51
2009-07-06,3082.1599
2009-07-07,3048.5701
2009-07-08,3009.71
2009-07-09,3025.9399
2009-07-10,2983.1001
2009-07-13,3052.0801
2009-07-14,3081.8701
2009-07-15,3171.27
2009-07-16,3199.6799
2009-07-17,3218.46
2009-07-20,3270.9399
2009-07-21,3302.8899
2009-07-22,3305.0701
2009-07-23,3373.72
2009-07-24,3366.45
2009-07-27,3372.3601
2009-07-28,3330.97
2009-07-29,3365.6201
2009-07-30,3435.49
2009-07-31,3426.27
2009-08-03,3477.8
2009-08-04,3476.3701
2009-08-05,3458.53
2009-08-06,3477.8301
2009-08-07,3521.1399
2009-08-10,3504.54
2009-08-11,3456.1799
2009-08-12,3507.24
2009-08-13,3524.3899
2009-08-14,3495.27
2009-08-17,3419.6899
2009-08-18,3450.6899
2009-08-19,3450.3401
2009-08-20,3505.3201
2009-08-21,3615.8101
2009-08-24,3652.1699
2009-08-25,3680.6101
2009-08-26,3668.3401
2009-08-27,3648.53
2009-08-28,3693.1399
2009-08-31,3653.54
2009-09-01,3583.4399
2009-09-02,3573.1299
2009-09-03,3553.51
2009-09-04,3598.76
2009-09-07,3652.8301
2009-09-08,3660.96
2009-09-09,3707.6899
2009-09-10,3705.8701
2009-09-11,3734.8899
2009-09-14,3730.6101
2009-09-15,3752.21
2009-09-16,3813.79
2009-09-17,3835.27
2009-09-18,3827.8401
2009-09-21,3812.1599
2009-09-22,3823.52
2009-09-23,3821.79
2009-09-24,3758.3601
2009-09-25,3739.1399
2009-09-28,3825
2009-09-29,3814.1001
2009-09-30,3795.4099
2009-10-01,3720.77
2009-10-02,3649.8999
2009-10-05,3675.01
2009-10-06,3770.21
2009-10-07,3756.4099
2009-10-08,3806.8101
2009-10-09,3799.6101
2009-10-12,3845.8
2009-10-13,3801.3899
2009-10-14,3882.6699
2009-10-15,3883.8301
2009-10-16,3827.6001
2009-10-19,3892.3601
2009-10-20,3871.45
2009-10-21,3873.22
2009-10-22,3820.8501
2009-10-23,3808.24
2009-10-26,3744.45
2009-10-27,3743.95
2009-10-28,3663.78
2009-10-29,3714.02
2009-10-30,3607.6899
2009-11-02,3639.46
2009-11-03,3584.25
2009-11-04,3670.3301
2009-11-05,3708.73
2009-11-06,3707.29
2009-11-09,3785.49
2009-11-10,3785.5901
2009-11-11,3814.3899
2009-11-12,3808.0701
2009-11-13,3806.01
2009-11-16,3863.1599
2009-11-17,3829.0601
2009-11-18,3828.1599
2009-11-19,3760.22
2009-11-20,3729.3601
2009-11-23,3813.1699
2009-11-24,3784.6201
2009-11-25,3809.1599
2009-11-26,3679.23
2009-11-27,3721.45
2009-11-30,3680.1499
2009-12-01,3775.74
2009-12-02,3795.9199
2009-12-03,3799.1101
2009-12-04,3846.6201
2009-12-07,3840.05
2009-12-08,3785.3
2009-12-09,3757.3899
2009-12-10,3798.3799
2009-12-11,3803.72
2009-12-14,3830.4399
2009-12-15,3834.0901
2009-12-16,3875.8201
2009-12-17,3830.8201
2009-12-18,3794.4399
2009-12-21,3872.0601
2009-12-22,3898.3799
2009-12-23,3910.75
2009-12-24,3912.73
2009-12-28,3947.1499
2009-12-29,3959.98
2009-12-30,3935.5
2009-12-31,3936.3301
2010-01-04,4013.97
2010-01-05,4012.9099
2010-01-06,4017.6699
2010-01-07,4024.8
2010-01-08,4045.1399
2010-01-11,4043.0901
2010-01-12,4000.05
2010-01-13,4000.8601
2010-01-14,4015.77
2010-01-15,3954.3799
2010-01-18,3977.46
2010-01-19,4009.6699
2010-01-20,3928.95
2010-01-21,3862.1599
2010-01-22,3820.78
2010-01-25,3781.8501
2010-01-26,3807.04
2010-01-27,3759.8
2010-01-28,3688.79
2010-01-29,3739.46
2010-02-01,3762.01
2010-02-02,3812.1299
2010-02-03,3793.47
2010-02-04,3689.25
2010-02-05,3563.76
2010-02-08,3607.27
2010-02-09,3612.76
2010-02-10,3635.6101
2010-02-11,3616.75
2010-02-12,3599.0701
2010-02-15,3609.22
2010-02-16,3669.04
2010-02-17,3725.21
2010-02-18,3747.8301
2010-02-19,3769.54
2010-02-22,3756.7
2010-02-23,3707.0601
2010-02-24,3715.6799
2010-02-25,3640.77
2010-02-26,3708.8
2010-03-01,3769.54
2010-03-02,3811.9199
2010-03-03,3842.52
2010-03-04,3828.4099
2010-03-05,3910.4199
2010-03-08,3903.54
2010-03-09,3910.01
2010-03-10,3943.55
2010-03-11,3928.95
2010-03-12,3927.3999
2010-03-15,3890.9099
2010-03-16,3938.95
2010-03-17,3957.8899
2010-03-18,3938.1799
2010-03-19,3925.4399
2010-03-22,3928
2010-03-23,3952.55
2010-03-24,3949.8101
2010-03-25,4000.48
2010-03-26,3988.9299
2010-03-29,4000.6599
2010-03-30,3987.4099
2010-03-31,3974.01
2010-04-01,4034.23
2010-04-06,4053.9399
2010-04-07,4026.97
2010-04-08,3978.46
2010-04-09,4050.54
2010-04-12,4050.5
2010-04-13,4031.99
2010-04-14,4057.7
2010-04-15,4065.6499
2010-04-16,3986.6299
2010-04-19,3970.47
2010-04-20,4026.6499
2010-04-21,3977.6699
2010-04-22,3924.6499
2010-04-23,3951.3
2010-04-26,3997.3899
2010-04-27,3844.6001
2010-04-28,3787
2010-04-29,3840.6201
2010-04-30,3816.99
2010-05-03,3828.46
2010-05-04,3689.29
2010-05-05,3636.03
2010-05-06,3556.1101
2010-05-07,3392.5901
2010-05-10,3720.29
2010-05-11,3693.2
2010-05-12,3733.8701
2010-05-13,3731.54
2010-05-14,3560.3601
2010-05-17,3543.55
2010-05-18,3617.3201
2010-05-19,3511.6699
2010-05-20,3432.52
2010-05-21,3430.74
2010-05-24,3430.9299
2010-05-25,3331.29
2010-05-26,3408.5901
2010-05-27,3525.3101
2010-05-28,3515.0601
2010-05-31,3507.5601
2010-06-01,3503.0801
2010-06-02,3501.5
2010-06-03,3557.3401
2010-06-04,3455.6101
2010-06-07,3413.72
2010-06-08,3380.3601
2010-06-09,3446.77
2010-06-10,3516.6399
2010-06-11,3555.52
2010-06-14,3626.04
2010-06-15,3661.51
2010-06-16,3675.9299
2010-06-17,3683.0801
2010-06-18,3687.21
2010-06-21,3736.1499
2010-06-22,3705.3201
2010-06-23,3641.79
2010-06-24,3555.3601
2010-06-25,3519.73
2010-06-28,3576.45
2010-06-29,3432.99
2010-06-30,3442.8899
2010-07-01,3339.8999
2010-07-02,3348.3701
2010-07-05,3332.46
2010-07-06,3423.3601
2010-07-07,3483.4399
2010-07-08,3538.25
2010-07-09,3554.48
2010-07-12,3567.6599
2010-07-13,3637.76
2010-07-14,3632.98
2010-07-15,3581.8201
2010-07-16,3500.1599
2010-07-19,3486.3301
2010-07-20,3468.02
2010-07-21,3493.9199
2010-07-22,3600.5701
2010-07-23,3607.05
2010-07-26,3636.1799
2010-07-27,3666.3999
2010-07-28,3670.3601
2010-07-29,3651.9099
2010-07-30,3643.1399
2010-08-02,3752.03
2010-08-03,3747.51
2010-08-04,3760.72
2010-08-05,3764.1899
2010-08-06,3716.05
2010-08-09,3777.3701
2010-08-10,3730.5801
2010-08-11,3628.29
2010-08-12,3621.0701
2010-08-13,3610.9099
2010-08-16,3597.6001
2010-08-17,3663.1299
2010-08-18,3647.9299
2010-08-19,3572.3999
2010-08-20,3526.1201
2010-08-23,3553.23
2010-08-24,3491.1101
2010-08-25,3450.1899
2010-08-26,3475.03
2010-08-27,3507.4399
2010-08-30,3487.01
2010-08-31,3490.79
2010-09-01,3623.8401
2010-09-02,3631.4299
2010-09-03,3672.2
2010-09-06,3684.73
2010-09-07,3643.8101
2010-09-08,3677.21
2010-09-09,3722.1499
2010-09-10,3725.8201
2010-09-13,3767.1499
2010-09-14,3774.3999
2010-09-15,3755.6399
2010-09-16,3736.3
2010-09-17,3722.02
2010-09-20,3788.01
2010-09-21,3784.3999
2010-09-22,3735.05
2010-09-23,3710.6101
2010-09-24,3782.48
2010-09-27,3766.1599
2010-09-28,3762.3501
2010-09-29,3737.1201
2010-09-30,3715.1799
2010-10-01,3692.0901
2010-10-04,3649.8101
2010-10-05,3731.9299
2010-10-06,3764.9099
2010-10-07,3770.47
2010-10-08,3763.1799
2010-10-11,3768.49
2010-10-12,3748.8601
2010-10-13,3828.3401
2010-10-14,3819.1699
2010-10-15,3827.3701
2010-10-18,3834.5
2010-10-19,3807.1699
2010-10-20,3828.1499
2010-10-21,3878.27
2010-10-22,3868.54
2010-10-25,3870
2010-10-26,3852.6599
2010-10-27,3815.77
2010-10-28,3834.8401
2010-10-29,3833.5
2010-11-01,3841.1101
2010-11-02,3865.72
2010-11-03,3842.9399
2010-11-04,3916.78
2010-11-05,3916.73
2010-11-08,3913.7
2010-11-09,3945.71
2010-11-10,3888.45
2010-11-11,3867.3501
2010-11-12,3831.1201
2010-11-15,3864.24
2010-11-16,3762.47
2010-11-17,3792.3501
2010-11-18,3867.97
2010-11-19,3860.1599
2010-11-22,3818.8899
2010-11-23,3724.4199
2010-11-24,3747.6101
2010-11-25,3760.4199
2010-11-26,3728.6499
2010-11-29,3636.96
2010-11-30,3610.4399
2010-12-01,3669.29
2010-12-02,3747.04
2010-12-03,3750.55
2010-12-06,3749.23
2010-12-07,3810.5
2010-12-08,3831.98
2010-12-09,3858.05
2010-12-10,3857.3501
2010-12-13,3892.4399
2010-12-14,3902.8701
2010-12-15,3880.1899
2010-12-16,3888.3601
2010-12-17,3867.3501
2010-12-20,3885.0801
2010-12-21,3927.49
2010-12-22,3919.71
2010-12-23,3911.3201
2010-12-24,3900.3899
2010-12-27,3862.1899
2010-12-28,3858.72
2010-12-29,3890.6499
2010-12-30,3850.76
2010-12-31,3804.78
2011-01-03,3900.8601
2011-01-04,3916.03
2011-01-05,3904.6101
2011-01-06,3904.4199
2011-01-07,3865.5801
2011-01-10,3802.03
2011-01-11,3861.9199
2011-01-12,3945.0701
2011-01-13,3974.8301
2011-01-14,3983.28
2011-01-17,3975.4099
2011-01-18,4012.6799
2011-01-19,3976.71
2011-01-20,3964.8401
2011-01-21,4017.45
2011-01-24,4033.21
2011-01-25,4019.6201
2011-01-26,4049.0701
2011-01-27,4059.5701
2011-01-28,4002.3201
2011-01-31,4005.5
2011-02-01,4072.6201
2011-02-02,4066.53
2011-02-03,4036.5901
2011-02-04,4047.21
2011-02-07,4090.8
2011-02-08,4108.27
2011-02-09,4090.74
2011-02-10,4095.1399
2011-02-11,4101.3101
2011-02-14,4096.6201
2011-02-15,4110.3398
2011-02-16,4151.2598
2011-02-17,4152.3101
2011-02-18,4157.1401
2011-02-21,4097.4102
2011-02-22,4050.27
2011-02-23,4013.1201
2011-02-24,4009.6399
2011-02-25,4070.3799
2011-02-28,4110.3501
2011-03-01,4067.1499
2011-03-02,4034.3201
2011-03-03,4060.76
2011-03-04,4020.21
2011-03-07,3990.4099
2011-03-08,4015.9099
2011-03-09,3993.8101
2011-03-10,3963.99
2011-03-11,3928.6799
2011-03-14,3878.04
2011-03-15,3780.8501
2011-03-16,3696.5601
2011-03-17,3786.21
2011-03-18,3810.22
2011-03-21,3904.45
2011-03-22,3892.71
2011-03-23,3913.73
2011-03-24,3968.8401
2011-03-25,3972.3799
2011-03-28,3976.95
2011-03-29,3987.8
2011-03-30,4024.4399
2011-03-31,3989.1799
2011-04-01,4054.76
2011-04-04,4042.9199
2011-04-05,4041.74
2011-04-06,4048.1599
2011-04-07,4028.3
2011-04-08,4061.9099
2011-04-11,4038.7
2011-04-12,3976.6001
2011-04-13,4006.23
2011-04-14,3970.3899
2011-04-15,3974.48
2011-04-18,3881.24
2011-04-19,3908.5801
2011-04-20,4004.6201
2011-04-21,4021.8799
2011-04-26,4045.29
2011-04-27,4067.72
2011-04-28,4104.8999
2011-04-29,4106.9199
2011-05-02,4108.77
2011-05-03,4096.8398
2011-05-04,4043.1299
2011-05-05,4004.8701
2011-05-06,4058.01
2011-05-09,4007.26
2011-05-10,4052.51
2011-05-11,4058.0801
2011-05-12,4023.29
2011-05-13,4018.8501
2011-05-16,3989.8201
2011-05-17,3941.5801
2011-05-18,3978
2011-05-19,4027.74
2011-05-20,3990.8501
2011-05-23,3906.98
2011-05-24,3916.8799
2011-05-25,3928.99
2011-05-26,3917.22
2011-05-27,3950.98
2011-05-30,3942.53
2011-05-31,4006.9399
2011-06-01,3964.8101
2011-06-02,3889.8701
2011-06-03,3890.6799
2011-06-06,3863.3999
2011-06-07,3871.9199
2011-06-08,3837.98
2011-06-09,3878.6499
2011-06-10,3805.0901
2011-06-13,3807.6101
2011-06-14,3864.5801
2011-06-15,3806.8501
2011-06-16,3792.3101
2011-06-17,3823.74
2011-06-20,3799.6599
2011-06-21,3877.0701
2011-06-22,3871.3701
2011-06-23,3787.79
2011-06-24,3784.8
2011-06-27,3796.55
2011-06-28,3851.8899
2011-06-29,3924.23
2011-06-30,3982.21
2011-07-01,4007.3501
2011-07-04,4003.1101
2011-07-05,3978.8301
2011-07-06,3961.3401
2011-07-07,3979.96
2011-07-08,3913.55
2011-07-11,3807.51
2011-07-12,3774.1201
2011-07-13,3793.27
2011-07-14,3751.23
2011-07-15,3726.5901
2011-07-18,3650.71
2011-07-19,3694.95
2011-07-20,3754.6001
2011-07-21,3816.75
2011-07-22,3842.7
2011-07-25,3812.97
2011-07-26,3787.8799
2011-07-27,3734.0701
2011-07-28,3712.6599
2011-07-29,3672.77
2011-08-01,3588.05
2011-08-02,3522.79
2011-08-03,3454.9399
2011-08-04,3320.3501
2011-08-05,3278.5601
2011-08-08,3125.1899
2011-08-09,3176.1899
2011-08-10,3002.99
2011-08-11,3089.6599
2011-08-12,3213.8799
2011-08-15,3239.0601
2011-08-16,3230.8999
2011-08-17,3254.3401
2011-08-18,3076.04
2011-08-19,3016.99
2011-08-22,3051.3601
2011-08-23,3084.3701
2011-08-24,3139.55
2011-08-25,3119
2011-08-26,3087.6399
2011-08-29,3154.2
2011-08-30,3159.74
2011-08-31,3256.76
2011-09-01,3265.8301
2011-09-02,3148.53
2011-09-05,2999.54
2011-09-06,2965.6399
2011-09-07,3073.1799
2011-09-08,3085.8301
2011-09-09,2974.5901
2011-09-12,2854.8101
2011-09-13,2894.9299
2011-09-14,2949.1399
2011-09-15,3045.6201
2011-09-16,3031.0801
2011-09-19,2940
2011-09-20,2984.05
2011-09-21,2935.8201
2011-09-22,2781.6799
2011-09-23,2810.1101
2011-09-26,2859.3401
2011-09-27,3023.3799
2011-09-28,2995.6201
2011-09-29,3027.6499
2011-09-30,2981.96
2011-10-03,2926.8301
2011-10-04,2850.55
2011-10-05,2973.8999
2011-10-06,3075.3701
2011-10-07,3095.5601
2011-10-10,3161.47
2011-10-11,3153.52
2011-10-12,3229.76
2011-10-13,3186.9399
2011-10-14,3217.8899
2011-10-17,3166.0601
2011-10-18,3141.1001
2011-10-19,3157.3401
2011-10-20,3084.0701
2011-10-21,3171.3401
2011-10-24,3220.46
2011-10-25,3174.29
2011-10-26,3169.6201
2011-10-27,3368.6201
2011-10-28,3348.6299
2011-10-31,3242.8401
2011-11-01,3068.3301
2011-11-02,3110.5901
2011-11-03,3195.47
2011-11-04,3123.55
2011-11-07,3103.6001
2011-11-08,3143.3
2011-11-09,3075.1599
2011-11-10,3064.8401
2011-11-11,3149.3799
2011-11-14,3108.95
2011-11-15,3049.1299
2011-11-16,3064.8999
2011-11-17,3010.29
2011-11-18,2997.01
2011-11-21,2894.9399
2011-11-22,2870.6799
2011-11-23,2822.4299
2011-11-24,2822.25
2011-11-25,2856.97
2011-11-28,3012.9299
2011-11-29,3026.76
2011-11-30,3154.6201
2011-12-01,3129.95
2011-12-02,3164.95
2011-12-05,3201.28
2011-12-06,3179.6299
2011-12-07,3175.98
2011-12-08,3095.49
2011-12-09,3172.3501
2011-12-12,3089.5901
2011-12-13,3078.72
2011-12-14,2976.1699
2011-12-15,2998.73
2011-12-16,2972.3
2011-12-19,2974.2
2011-12-20,3055.3899
2011-12-21,3030.47
2011-12-22,3071.8
2011-12-23,3102.0901
2011-12-27,3103.1101
2011-12-28,3071.0801
2011-12-29,3127.5601
2011-12-30,3159.8101
2012-01-02,3222.3
2012-01-03,3245.3999
2012-01-04,3193.6499
2012-01-05,3144.9099
2012-01-06,3137.3601
2012-01-09,3127.6899
2012-01-10,3210.79
2012-01-11,3204.8301
2012-01-12,3199.98
2012-01-13,3196.49
2012-01-16,3225
2012-01-17,3269.99
2012-01-18,3264.9299
2012-01-19,3328.9399
2012-01-20,3321.5
2012-01-23,3338.4199
2012-01-24,3322.6499
2012-01-25,3312.48
2012-01-26,3363.23
2012-01-27,3318.76
2012-01-30,3265.6399
2012-01-31,3298.55
2012-02-01,3367.46
2012-02-02,3376.6599
2012-02-03,3427.9199
2012-02-06,3405.27
2012-02-07,3411.54
2012-02-08,3410
2012-02-09,3424.71
2012-02-10,3373.1399
2012-02-13,3384.55
2012-02-14,3375.6399
2012-02-15,3390.3501
2012-02-16,3393.25
2012-02-17,3439.6201
2012-02-20,3472.54
2012-02-21,3465.24
2012-02-22,3447.3701
2012-02-23,3447.3101
2012-02-24,3467.03
2012-02-27,3441.45
2012-02-28,3453.99
2012-02-29,3452.45
2012-03-01,3499.73
2012-03-02,3501.1699
2012-03-05,3487.54
2012-03-06,3362.5601
2012-03-07,3392.3301
2012-03-08,3478.3601
2012-03-09,3487.48
2012-03-12,3490.0601
2012-03-13,3550.1599
2012-03-14,3564.51
2012-03-15,3580.21
2012-03-16,3594.8301
2012-03-19,3577.8799
2012-03-20,3530.8301
2012-03-21,3527.3701
2012-03-22,3472.46
2012-03-23,3476.1799
2012-03-26,3501.98
2012-03-27,3469.5901
2012-03-28,3430.1499
2012-03-29,3381.1201
2012-03-30,3423.8101
2012-04-02,3462.9099
2012-04-03,3406.78
2012-04-04,3313.47
2012-04-05,3319.8101
2012-04-10,3217.6001
2012-04-11,3237.6899
2012-04-12,3269.79
2012-04-13,3189.0901
2012-04-16,3205.28
2012-04-17,3292.51
2012-04-18,3240.29
2012-04-19,3174.02
2012-04-20,3188.5801
2012-04-23,3098.3701
2012-04-24,3169.3201
2012-04-25,3233.46
2012-04-26,3229.3201
2012-04-27,3266.27
2012-04-30,3212.8
2012-05-02,3226.3301
2012-05-03,3223.3601
2012-05-04,3161.97
2012-05-07,3214.22
2012-05-08,3124.8
2012-05-09,3118.6499
2012-05-10,3130.1699
2012-05-11,3129.77
2012-05-14,3057.99
2012-05-15,3039.27
2012-05-16,3048.6699
2012-05-17,3011.99
2012-05-18,3008
2012-05-21,3027.1499
2012-05-22,3084.0901
2012-05-23,3003.27
2012-05-24,3038.25
2012-05-25,3047.9399
2012-05-28,3042.97
2012-05-29,3084.7
2012-05-30,3015.5801
2012-05-31,3017.01
2012-06-01,2950.47
2012-06-04,2954.49
2012-06-05,2986.1001
2012-06-06,3058.4399
2012-06-07,3071.1599
2012-06-08,3051.6899
2012-06-11,3042.76
2012-06-12,3046.9099
2012-06-13,3030.04
2012-06-14,3032.45
2012-06-15,3087.6201
2012-06-18,3066.1899
2012-06-19,3117.9199
2012-06-20,3126.52
2012-06-21,3114.22
2012-06-22,3090.8999
2012-06-25,3021.6399
2012-06-26,3012.71
2012-06-27,3063.1201
2012-06-28,3051.6799
2012-06-29,3196.6499
2012-07-02,3240.2
2012-07-03,3271.2
2012-07-04,3267.75
2012-07-05,3229.3601
2012-07-06,3168.79
2012-07-09,3156.8
2012-07-10,3175.4099
2012-07-11,3157.25
2012-07-12,3135.1799
2012-07-13,3180.8101
2012-07-16,3179.8999
2012-07-17,3176.97
2012-07-18,3235.3999
2012-07-19,3263.6399
2012-07-20,3193.8899
2012-07-23,3101.53
2012-07-24,3074.6799
2012-07-25,3081.74
2012-07-26,3207.1201
2012-07-27,3280.1899
2012-07-30,3320.71
2012-07-31,3291.6599
2012-08-01,3321.5601
2012-08-02,3232.46
2012-08-03,3374.1899
2012-08-06,3401.5601
2012-08-07,3453.28
2012-08-08,3438.26
2012-08-09,3456.71
2012-08-10,3435.6201
2012-08-13,3426.4099
2012-08-14,3450.27
2012-08-15,3449.2
2012-08-16,3480.49
2012-08-17,3488.3799
2012-08-20,3480.5801
2012-08-21,3513.28
2012-08-22,3461.6499
2012-08-23,3432.5601
2012-08-24,3433.21
2012-08-27,3462.8301
2012-08-28,3431.55
2012-08-29,3413.8899
2012-08-30,3379.1101
2012-08-31,3413.0701
2012-09-03,3453.71
2012-09-04,3399.04
2012-09-05,3405.79
2012-09-06,3509.8799
2012-09-07,3519.05
2012-09-10,3506.05
2012-09-11,3537.3
2012-09-12,3543.79
2012-09-13,3502.0901
2012-09-14,3581.5801
2012-09-17,3553.6899
2012-09-18,3512.6899
2012-09-19,3531.8201
2012-09-20,3509.9199
2012-09-21,3530.72
2012-09-24,3497.22
2012-09-25,3513.8101
2012-09-26,3414.8401
2012-09-27,3439.3201
2012-09-28,3354.8201
2012-10-01,3434.98
2012-10-02,3414.23
2012-10-03,3406.02
2012-10-04,3401.2
2012-10-05,3457.04
2012-10-08,3406.53
2012-10-09,3382.78
2012-10-10,3365.8701
2012-10-11,3413.72
2012-10-12,3389.0801
2012-10-15,3420.28
2012-10-16,3500.9399
2012-10-17,3527.5
2012-10-18,3535.1799
2012-10-19,3504.5601
2012-10-22,3483.25
2012-10-23,3406.5
2012-10-24,3426.49
2012-10-25,3411.53
2012-10-26,3435.0901
2012-10-29,3408.8899
2012-10-30,3459.4399
2012-10-31,3429.27
2012-11-01,3475.3999
2012-11-02,3492.46
2012-11-05,3448.5
2012-11-06,3478.6599
2012-11-07,3409.5901
2012-11-08,3407.6799
2012-11-09,3423.5701
2012-11-12,3411.6499
2012-11-13,3430.6001
2012-11-14,3400.02
2012-11-15,3382.3999
2012-11-16,3341.52
2012-11-19,3439.5801
2012-11-20,3462.0601
2012-11-21,3477.3601
2012-11-22,3498.22
2012-11-23,3528.8
2012-11-26,3500.9399
2012-11-27,3502.1299
2012-11-28,3515.1899
2012-11-29,3568.8799
2012-11-30,3557.28
2012-12-03,3566.5901
2012-12-04,3580.48
2012-12-05,3590.5
2012-12-06,3601.6499
2012-12-07,3605.6101
2012-12-10,3612.1001
2012-12-11,3646.1499
2012-12-12,3646.6599
2012-12-13,3643.1299
2012-12-14,3643.28
2012-12-17,3638.1001
2012-12-18,3648.6299
2012-12-19,3664.5901
2012-12-20,3666.73
2012-12-21,3661.3999
2012-12-24,3652.6101
2012-12-27,3674.26
2012-12-28,3620.25
2012-12-31,3641.0701
2013-01-02,3733.9299
2013-01-03,3721.1699
2013-01-04,3730.02
2013-01-07,3704.6399
2013-01-08,3705.8799
2013-01-09,3717.45
2013-01-10,3703.1201
2013-01-11,3706.02
2013-01-14,3708.25
2013-01-15,3697.3501
2013-01-16,3708.49
2013-01-17,3744.1101
2013-01-18,3741.5801
2013-01-21,3763.03
2013-01-22,3741.01
2013-01-23,3726.1699
2013-01-24,3752.1699
2013-01-25,3778.1599
2013-01-28,3780.8899
2013-01-29,3785.8201
2013-01-30,3765.52
2013-01-31,3732.6001
2013-02-01,3773.53
2013-02-04,3659.9099
2013-02-05,3694.7
2013-02-06,3642.8999
2013-02-07,3601.05
2013-02-08,3649.5
2013-02-11,3650.5801
2013-02-12,3686.5801
2013-02-13,3698.53
2013-02-14,3669.6001
2013-02-15,3660.3701
2013-02-18,3667.04
2013-02-19,3735.8201
2013-02-20,3709.8799
2013-02-21,3624.8
2013-02-22,3706.28
2013-02-25,3721.3301
2013-02-26,3621.9199
2013-02-27,3691.49
2013-02-28,3723
2013-03-01,3699.9099
2013-03-04,3709.76
2013-03-05,3787.1899
2013-03-06,3773.76
2013-03-07,3793.78
2013-03-08,3840.1499
2013-03-11,3836.27
2013-03-12,3839.97
2013-03-13,3836.04
2013-03-14,3871.5801
2013-03-15,3844.03
2013-03-18,3825.47
2013-03-19,3775.75
2013-03-20,3829.5601
2013-03-21,3774.8501
2013-03-22,3770.29
2013-03-25,3727.98
2013-03-26,3748.6399
2013-03-27,3711.6399
2013-03-28,3731.4199
2013-04-02,3805.3701
2013-04-03,3754.96
2013-04-04,3726.1599
2013-04-05,3663.48
2013-04-08,3666.78
2013-04-09,3670.72
2013-04-10,3743.71
2013-04-11,3775.6599
2013-04-12,3729.3
2013-04-15,3710.48
2013-04-16,3685.79
2013-04-17,3599.23
2013-04-18,3599.3601
2013-04-19,3651.96
2013-04-22,3652.1299
2013-04-23,3783.05
2013-04-24,3842.9399
2013-04-25,3840.47
2013-04-26,3810.05
2013-04-29,3868.6799
2013-04-30,3856.75
2013-05-02,3858.76
2013-05-03,3912.95
2013-05-06,3907.04
2013-05-07,3921.3201
2013-05-08,3956.28
2013-05-09,3928.5801
2013-05-10,3953.8301
2013-05-13,3945.2
2013-05-14,3966.0601
2013-05-15,3982.23
2013-05-16,3979.0701
2013-05-17,4001.27
2013-05-20,4022.8501
2013-05-21,4036.1799
2013-05-22,4051.1101
2013-05-23,3967.1499
2013-05-24,3956.79
2013-05-27,3995.1599
2013-05-28,4050.5601
2013-05-29,3974.1201
2013-05-30,3996.3101
2013-05-31,3948.5901
2013-06-03,3920.6699
2013-06-04,3925.8301
2013-06-05,3852.4399
2013-06-06,3814.28
2013-06-07,3872.5901
2013-06-10,3864.3601
2013-06-11,3810.5601
2013-06-12,3793.7
2013-06-13,3797.98
2013-06-14,3805.1599
2013-06-17,3863.6599
2013-06-18,3860.55
2013-06-19,3839.3401
2013-06-20,3698.9299
2013-06-21,3658.04
2013-06-24,3595.6299
2013-06-25,3649.8201
2013-06-26,3726.04
2013-06-27,3762.1899
2013-06-28,3738.9099
2013-07-01,3767.48
2013-07-02,3742.5701
2013-07-03,3702.01
2013-07-04,3809.3101
2013-07-05,3753.8501
2013-07-08,3823.8301
2013-07-09,3843.5601
2013-07-10,3840.53
2013-07-11,3868.98
2013-07-12,3855.0901
2013-07-15,3878.5801
2013-07-16,3851.03
2013-07-17,3872.02
2013-07-18,3927.79
2013-07-19,3925.3201
2013-07-22,3939.9199
2013-07-23,3923.0901
2013-07-24,3962.75
2013-07-25,3956.02
2013-07-26,3968.8401
2013-07-29,3968.9099
2013-07-30,3986.6101
2013-07-31,3992.6899
2013-08-01,4042.73
2013-08-02,4045.6499
2013-08-05,4049.97
2013-08-06,4032.5701
2013-08-07,4038.49
2013-08-08,4064.3201
2013-08-09,4076.55
2013-08-12,4071.6799
2013-08-13,4092.5
2013-08-14,4114.2002
2013-08-15,4093.2
2013-08-16,4123.8901
2013-08-19,4083.98
2013-08-20,4028.9299
2013-08-21,4015.0901
2013-08-22,4059.1201
2013-08-23,4069.47
2013-08-26,4067.1299
2013-08-27,3968.73
2013-08-28,3960.46
2013-08-29,3986.3501
2013-08-30,3933.78
2013-09-02,4006.01
2013-09-03,3974.0701
2013-09-04,3980.4199
2013-09-05,4006.8
2013-09-06,4049.1899
2013-09-09,4040.3301
2013-09-10,4116.6401
2013-09-11,4119.1099
2013-09-12,4106.6299
2013-09-13,4114.5
2013-09-16,4152.2202
2013-09-17,4145.5098
2013-09-18,4170.3999
2013-09-19,4206.04
2013-09-20,4203.6602
2013-09-23,4172.0801
2013-09-24,4195.6099
2013-09-25,4195.3501
2013-09-26,4186.7202
2013-09-27,4186.77
2013-09-30,4143.4399
2013-10-01,4196.6001
2013-10-02,4158.1602
2013-10-03,4127.98
2013-10-04,4164.25
2013-10-07,4165.5801
2013-10-08,4133.5298
2013-10-09,4127.0498
2013-10-10,4218.1099
2013-10-11,4219.98
2013-10-14,4222.96
2013-10-15,4256.02
2013-10-16,4243.7202
2013-10-17,4239.6401
2013-10-18,4286.0298
2013-10-21,4276.9199
2013-10-22,4295.4302
2013-10-23,4260.6602
2013-10-24,4275.6899
2013-10-25,4272.3101
2013-10-28,4251.6099
2013-10-29,4278.0898
2013-10-30,4274.1099
2013-10-31,4299.8901
2013-11-01,4273.1899
2013-11-04,4288.5898
2013-11-05,4253.3398
2013-11-06,4286.9302
2013-11-07,4280.9902
2013-11-08,4260.4399
2013-11-11,4290.1401
2013-11-12,4263.7798
2013-11-13,4239.9399
2013-11-14,4283.9102
2013-11-15,4292.23
2013-11-18,4320.6802
2013-11-19,4272.29
2013-11-20,4268.3701
2013-11-21,4253.8999
2013-11-22,4278.5298
2013-11-25,4301.9702
2013-11-26,4277.5698
2013-11-27,4293.0601
2013-11-28,4302.4199
2013-11-29,4295.21
2013-12-02,4285.8101
2013-12-03,4172.4399
2013-12-04,4148.52
2013-12-05,4099.9102
2013-12-06,4129.3701
2013-12-09,4134.1001
2013-12-10,4091.1399
2013-12-11,4086.8601
2013-12-12,4069.1201
2013-12-13,4059.71
2013-12-16,4119.8799
2013-12-17,4068.6399
2013-12-18,4109.5098
2013-12-19,4154.27
2013-12-20,4193.77
2013-12-23,4215.29
2013-12-24,4218.4102
2013-12-27,4277.6499
2013-12-30,4275.71
2013-12-31,4295.9502
2014-01-02,4227.2798
2014-01-03,4247.6499
2014-01-06,4227.54
2014-01-07,4262.6802
2014-01-08,4260.96
2014-01-09,4225.1401
2014-01-10,4250.6001
2014-01-13,4263.27
2014-01-14,4274.2002
2014-01-15,4332.0698
2014-01-16,4319.27
2014-01-17,4327.5
2014-01-20,4322.8599
2014-01-21,4323.8701
2014-01-22,4324.98
2014-01-23,4280.96
2014-01-24,4161.4702
2014-01-27,4144.5601
2014-01-28,4185.29
2014-01-29,4156.98
2014-01-30,4180.02
2014-01-31,4165.7202
2014-02-03,4107.75
2014-02-04,4117.4502
2014-02-05,4117.79
2014-02-06,4188.1001
2014-02-07,4228.1802
2014-02-10,4237.1299
2014-02-11,4283.3198
2014-02-12,4305.5
2014-02-13,4312.7998
2014-02-14,4340.1401
2014-02-17,4335.1699
2014-02-18,4330.71
2014-02-19,4341.1001
2014-02-20,4355.4902
2014-02-21,4381.0601
2014-02-24,4419.1299
2014-02-25,4414.5498
2014-02-26,4396.9102
2014-02-27,4396.3901
2014-02-28,4408.0801
2014-03-03,4290.8701
2014-03-04,4395.8999
2014-03-05,4391.25
2014-03-06,4417.04
2014-03-07,4366.4199
2014-03-10,4370.8398
2014-03-11,4349.7202
2014-03-12,4306.2598
2014-03-13,4250.5098
2014-03-14,4216.3701
2014-03-17,4271.96
2014-03-18,4313.2598
2014-03-19,4308.0601
2014-03-20,4327.9102
2014-03-21,4335.2798
2014-03-24,4276.3398
2014-03-25,4344.1201
2014-03-26,4385.1499
2014-03-27,4379.0601
2014-03-28,4411.2598
2014-03-31,4391.5
2014-04-01,4426.7202
2014-04-02,4430.8599
2014-04-03,4449.3301
2014-04-04,4484.5498
2014-04-07,4436.0801
2014-04-08,4424.8301
2014-04-09,4442.6802
2014-04-10,4413.4902
2014-04-11,4365.8599
2014-04-14,4384.5601
2014-04-15,4345.3501
2014-04-16,4405.6602
2014-04-17,4431.8101
2014-04-22,4484.21
2014-04-23,4451.0801
2014-04-24,4479.54
2014-04-25,4443.6299
2014-04-28,4460.5298
2014-04-29,4497.6802
2014-04-30,4487.3901
2014-05-02,4458.1699
2014-05-05,4462.6899
2014-05-06,4428.0698
2014-05-07,4446.4399
2014-05-08,4507.2402
2014-05-09,4477.2798
2014-05-12,4493.6499
2014-05-13,4505.02
2014-05-14,4501.04
2014-05-15,4444.9302
2014-05-16,4456.2798
2014-05-19,4469.7598
2014-05-20,4452.3501
2014-05-21,4469.0298
2014-05-22,4478.21
2014-05-23,4493.1499
2014-05-26,4526.9302
2014-05-27,4529.75
2014-05-28,4531.6299
2014-05-29,4530.5098
2014-05-30,4519.5698
2014-06-02,4515.8901
2014-06-03,4503.6899
2014-06-04,4501
2014-06-05,4548.73
2014-06-06,4581.1201
2014-06-09,4589.1201
2014-06-10,4595
2014-06-11,4555.1099
2014-06-12,4554.3999
2014-06-13,4543.2798
2014-06-16,4510.0498
2014-06-17,4536.0698
2014-06-18,4530.3701
2014-06-19,4563.04
2014-06-20,4541.3398
2014-06-23,4515.5698
2014-06-24,4518.3398
2014-06-25,4460.6001
2014-06-26,4439.6299
2014-06-27,4436.9902
2014-06-30,4422.8398
2014-07-01,4461.1201
2014-07-02,4444.7202
2014-07-03,4489.8799
2014-07-04,4468.98
2014-07-07,4405.7598
2014-07-08,4342.5298
2014-07-09,4359.8398
2014-07-10,4301.2598
2014-07-11,4316.5
2014-07-14,4350.04
2014-07-15,4305.3101
2014-07-16,4369.0601
2014-07-17,4316.1201
2014-07-18,4335.3101
2014-07-21,4304.7402
2014-07-22,4369.52
2014-07-23,4376.3198
2014-07-24,4410.6499
2014-07-25,4330.5498
2014-07-28,4344.77
2014-07-29,4365.5801
2014-07-30,4312.2998
2014-07-31,4246.1401
2014-08-01,4202.7798
2014-08-04,4217.2202
2014-08-05,4232.8799
2014-08-06,4207.1401
2014-08-07,4149.8301
2014-08-08,4147.8101
2014-08-11,4197.7002
2014-08-12,4162.1602
2014-08-13,4194.79
2014-08-14,4205.4302
2014-08-15,4174.3599
2014-08-18,4230.6499
2014-08-19,4254.4502
2014-08-20,4240.79
2014-08-21,4292.9302
2014-08-22,4252.7998
2014-08-25,4342.1099
2014-08-26,4393.4102
2014-08-27,4395.2598
2014-08-28,4366.04
2014-08-29,4381.04
2014-09-01,4379.73
2014-09-02,4378.3301
2014-09-03,4421.8701
2014-09-04,4494.9399
2014-09-05,4486.4902
2014-09-08,4474.9302
2014-09-09,4452.3701
2014-09-10,4450.79
2014-09-11,4440.8999
2014-09-12,4441.7002
2014-09-15,4428.6299
2014-09-16,4409.1499
2014-09-17,4431.4102
2014-09-18,4464.7002
2014-09-19,4461.2202
2014-09-22,4442.5498
2014-09-23,4359.3501
2014-09-24,4413.7202
2014-09-25,4355.2798
2014-09-26,4394.75
2014-09-29,4358.0698
2014-09-30,4416.2402
2014-10-01,4365.27
2014-10-02,4242.6699
2014-10-03,4281.7402
2014-10-06,4286.52
2014-10-07,4209.1401
2014-10-08,4168.1201
2014-10-09,4141.4502
2014-10-10,4073.71
2014-10-13,4078.7
2014-10-14,4088.25
2014-10-15,3939.72
2014-10-16,3918.6201
2014-10-17,4033.1799
2014-10-20,3991.24
2014-10-21,4081.24
2014-10-22,4105.0898
2014-10-23,4157.6802
2014-10-24,4128.8999
2014-10-27,4096.7402
2014-10-28,4112.6699
2014-10-29,4110.6401
2014-10-30,4141.2402
2014-10-31,4233.0898
2014-11-03,4194.0298
2014-11-04,4130.1899
2014-11-05,4208.4199
2014-11-06,4227.6802
2014-11-07,4189.8901
2014-11-10,4222.8198
2014-11-11,4244.1001
2014-11-12,4179.8799
2014-11-13,4187.9502
2014-11-14,4202.46
2014-11-17,4226.1001
2014-11-18,4262.3799
2014-11-19,4266.1899
2014-11-20,4234.21
2014-11-21,4347.23
2014-11-24,4368.4399
2014-11-25,4382.3101
2014-11-26,4373.4199
2014-11-27,4382.3398
2014-11-28,4390.1802
2014-12-01,4377.3301
2014-12-02,4388.2998
2014-12-03,4391.8599
2014-12-04,4323.8901
2014-12-05,4419.48
2014-12-08,4375.48
2014-12-09,4263.9399
2014-12-10,4227.9102
2014-12-11,4225.8599
2014-12-12,4108.9302
2014-12-15,4005.3799
2014-12-16,4093.2
2014-12-17,4111.9102
2014-12-18,4249.4902
2014-12-19,4241.6499
2014-12-22,4254.4302
2014-12-23,4314.9702
2014-12-24,4295.8501
2014-12-29,4317.9302
2014-12-30,4245.54
2014-12-31,4272.75
2015-01-02,4252.29
2015-01-05,4111.3599
2015-01-06,4083.5
2015-01-07,4112.73
2015-01-08,4260.1899
2015-01-09,4179.0698
2015-01-12,4228.2402
2015-01-13,4290.2798
2015-01-14,4223.2402
2015-01-15,4323.2002
2015-01-16,4379.6201
2015-01-19,4394.9302
2015-01-20,4446.02
2015-01-21,4484.8198
2015-01-22,4552.7998
2015-01-23,4640.6899
2015-01-26,4675.1299
2015-01-27,4624.21
2015-01-28,4610.9399
2015-01-29,4631.4302
2015-01-30,4604.25
2015-02-02,4627.6699
2015-02-03,4677.8999
2015-02-04,4696.2998
2015-02-05,4703.2998
2015-02-06,4691.0298
2015-02-09,4651.0801
2015-02-10,4695.6499
2015-02-11,4679.3799
2015-02-12,4726.2002
2015-02-13,4759.3599
2015-02-16,4751.9502
2015-02-17,4753.9902
2015-02-18,4799.0298
2015-02-19,4833.2798
2015-02-20,4830.8999
2015-02-23,4862.2998
2015-02-24,4886.4399
2015-02-25,4882.2202
2015-02-26,4910.6201
2015-02-27,4951.48
2015-03-02,4917.3198
2015-03-03,4869.25
2015-03-04,4917.3501
2015-03-05,4963.5098
2015-03-06,4964.3501
2015-03-09,4937.2002
2015-03-10,4881.9502
2015-03-11,4997.75
2015-03-12,4987.3301
2015-03-13,5010.46
2015-03-16,5061.1602
2015-03-17,5028.9302
2015-03-18,5033.4199
2015-03-19,5037.1802
2015-03-20,5087.4902
2015-03-23,5054.52
2015-03-24,5088.2798
2015-03-25,5020.9902
2015-03-26,5006.3501
2015-03-27,5034.0601
2015-03-30,5083.52
2015-03-31,5033.6401
2015-04-01,5062.2202
2015-04-02,5074.1401
2015-04-07,5151.1899
2015-04-08,5136.8599
2015-04-09,5208.9502
2015-04-10,5240.46
2015-04-13,5254.1201
2015-04-14,5218.0601
2015-04-15,5254.3501
2015-04-16,5224.4902
2015-04-17,5143.2598
2015-04-20,5187.5898
2015-04-21,5192.6401
2015-04-22,5211.0898
2015-04-23,5178.9102
2015-04-24,5201.4502
2015-04-27,5268.9102
2015-04-28,5173.3799
2015-04-29,5039.3901
2015-04-30,5046.4902
2015-05-04,5081.9702
2015-05-05,4974.0698
2015-05-06,4981.5898
2015-05-07,4967.2202
2015-05-08,5090.3901
2015-05-11,5027.8701
2015-05-12,4974.6499
2015-05-13,4961.8599
2015-05-14,5029.3101
2015-05-15,4993.8198
2015-05-18,5012.3101
2015-05-19,5117.2998
2015-05-20,5133.2998
2015-05-21,5146.7002
2015-05-22,5142.8901
2015-05-25,5117.1699
2015-05-26,5083.54
2015-05-27,5182.5298
2015-05-28,5137.8301
2015-05-29,5007.8901
2015-06-01,5025.2998
2015-06-02,5004.46
2015-06-03,5034.1699
2015-06-04,4987.1299
2015-06-05,4920.7402
2015-06-08,4857.6602
2015-06-09,4850.2202
2015-06-10,4934.9102
2015-06-11,4971.3701
2015-06-12,4901.1899
2015-06-15,4815.3599
2015-06-16,4839.8599
2015-06-17,4790.6201
2015-06-18,4803.48
2015-06-19,4815.3701
2015-06-22,4998.6099
2015-06-23,5057.6802
2015-06-24,5045.3501
2015-06-25,5041.71
2015-06-26,5059.1699
2015-06-29,4869.8198
2015-06-30,4790.2002
2015-07-01,4883.1899
2015-07-02,4835.5601
2015-07-03,4808.2202
2015-07-06,4711.54
2015-07-07,4604.6401
2015-07-08,4639.02
2015-07-09,4757.2202
2015-07-10,4903.0698
2015-07-13,4998.1001
2015-07-14,5032.4702
2015-07-15,5047.2402
2015-07-16,5121.5
2015-07-17,5124.3901
2015-07-20,5142.4902
2015-07-21,5106.5698
2015-07-22,5082.5698
2015-07-23,5086.7402
2015-07-24,5057.3599
2015-07-27,4927.6001
2015-07-28,4977.3198
2015-07-29,5017.4399
2015-07-30,5046.4199
2015-07-31,5082.6099
2015-08-03,5120.52
2015-08-04,5112.1401
2015-08-05,5196.73
2015-08-06,5192.1099
2015-08-07,5154.75
2015-08-10,5195.4102
2015-08-11,5099.0298
2015-08-12,4925.4302
2015-08-13,4986.8501
2015-08-14,4956.4702
2015-08-17,4984.8301
2015-08-18,4971.25
2015-08-19,4884.1001
2015-08-20,4783.5498
2015-08-21,4630.9902
2015-08-24,4383.46
2015-08-25,4564.8599
2015-08-26,4501.0498
2015-08-27,4658.1802
2015-08-28,4675.1299
2015-08-31,4652.9502
2015-09-01,4541.1602
2015-09-02,4554.9199
2015-09-03,4653.79
2015-09-04,4523.0801
2015-09-07,4549.6401
2015-09-08,4598.2598
2015-09-09,4664.5898
2015-09-10,4596.5298
2015-09-11,4548.7202
2015-09-14,4518.1499
2015-09-15,4569.3701
2015-09-16,4645.8398
2015-09-17,4655.1401
2015-09-18,4535.8501
2015-09-21,4585.5
2015-09-22,4428.5098
2015-09-23,4432.8301
2015-09-24,4347.2402
2015-09-25,4480.6602
2015-09-28,4357.0498
2015-09-29,4343.73
2015-09-30,4455.29
2015-10-01,4426.54
2015-10-02,4458.8799
2015-10-05,4616.8999
2015-10-06,4660.6401
2015-10-07,4667.3398
2015-10-08,4675.9102
2015-10-09,4701.3901
2015-10-12,4688.7002
2015-10-13,4643.3799
2015-10-14,4609.0298
2015-10-15,4675.29
2015-10-16,4702.79
2015-10-19,4704.0698
2015-10-20,4673.8101
2015-10-21,4695.1001
2015-10-22,4802.1802
2015-10-23,4923.6401
2015-10-26,4897.1299
2015-10-27,4847.0698
2015-10-28,4890.5801
2015-10-29,4885.8198
2015-10-30,4897.6602
2015-11-02,4916.21
2015-11-03,4936.1802
2015-11-04,4948.29
2015-11-05,4980.04
2015-11-06,4984.1499
2015-11-09,4911.1699
2015-11-10,4912.1602
2015-11-11,4952.5098
2015-11-12,4856.6499
2015-11-13,4807.9502
2015-11-16,4804.3101
2015-11-17,4937.3101
2015-11-18,4906.7202
2015-11-19,4915.1001
2015-11-20,4910.9702
2015-11-23,4889.1201
2015-11-24,4820.2798
2015-11-25,4892.9902
2015-11-26,4946.02
2015-11-27,4930.1401
2015-11-30,4957.6001
2015-12-01,4914.5298
2015-12-02,4905.7598
2015-12-03,4730.21
2015-12-04,4714.79
2015-12-07,4756.4102
2015-12-08,4681.8599
2015-12-09,4637.4502
2015-12-10,4635.0601
2015-12-11,4549.5601
2015-12-14,4473.0698
2015-12-15,4614.3999
2015-12-16,4624.6699
2015-12-17,4677.54
2015-12-18,4625.2598
2015-12-21,4565.1699
2015-12-22,4567.6001
2015-12-23,4674.5298
2015-12-24,4663.1802
2015-12-28,4617.9502
2015-12-29,4701.3599
2015-12-30,4677.1401
2015-12-31,4637.0601
